{
  "project_info": {
    "project_number": "597285694513",
    "firebase_url": "https://proyecto-2bbbf-default-rtdb.firebaseio.com",
    "project_id": "proyecto-2bbbf",
    "storage_bucket": "proyecto-2bbbf.appspot.com"
  },
  "client": [
    {
      "client_info": {
        "mobilesdk_app_id": "1:597285694513:android:c5fcd302e9857b60deb910",
        "android_client_info": {
          "package_name": "com.data.app"
        }
      },
      "oauth_client": [],
      "api_key": [
        {
          "current_key": "AIzaSyCrPFcK1fIpiwPXNLfGnSDQtSlIYH5GXpc"
        }
      ],
      "services": {
        "appinvite_service": {
          "other_platform_oauth_client": []
        }
      }
    }
  ],
  "configuration_version": "1"
}