{"database":{"rules":"database.rules.json"},"firestore":{"rules":"firestore.rules","indexes":"firestore.indexes.json"},"flutter":{"platforms":{"android":{"default":{"projectId":"proyecto-2bbbf","appId":"1:597285694513:android:c5fcd302e9857b60deb910","fileOutput":"android/app/google-services.json"}},"dart":{"lib/firebase_options.dart":{"projectId":"proyecto-2bbbf","configurations":{"android":"1:597285694513:android:c5fcd302e9857b60deb910","ios":"1:597285694513:ios:c965361b58120e41deb910","macos":"1:597285694513:ios:c965361b58120e41deb910","web":"1:597285694513:web:86632d721aaed2fadeb910","windows":"1:597285694513:web:b4ae700ebf3fda78deb910"}}}}}}